content_id,title,application,ai_concepts,business_value,data_sources,role,content_type,tags,related_concepts
use_case_001,Document Analysis - General,"Upload and interpret or summarize multiple internal/external documents. Compare with other documentation","Comparison analysis, data validation, regulatory mapping, summarization","Reduced manual work, consistent formatting, enhanced research efficiency, improved compliance monitoring, audit readiness","Internal research, external filings, regulatory documents, compliance manuals, contracts",general,use_case,"document_analysis,summarization,compliance","ai_concept_023,ai_concept_003,ai_concept_004"
use_case_002,Document Q&A Chat,"Engage in question-and-answer style conversation about uploaded documents. Ask specific questions and get contextual answers","Question answering, context understanding, document comprehension","Faster document understanding, efficient information extraction, reduced time searching through long documents","10-K forms, Federal Reserve reports, white papers, client commentary",finance,use_case,"document_qa,chat,analysis","ai_concept_025,ai_concept_003,ai_concept_009"
use_case_003,Document Comparison,"Get summaries of differences and changes over time between two or more documents","Comparison analysis, change detection, summarization","Quick identification of changes, improved version control, enhanced due diligence","Contract versions, regulatory updates, policy documents, financial statements",general,use_case,"document_comparison,analysis,changes","ai_concept_023,ai_concept_006,ai_concept_004"
use_case_004,Document Generation - Compliance Reports,"Generate compliance reports, audit trails, regulatory disclosures and related documentation","Document generation, template filling, compliance formatting","Simplified document drafting, consistent formatting, reduced compliance preparation time, improved accuracy","Internal templates, regulatory requirements, business data, compliance guidelines",finance,use_case,"document_generation,compliance,reporting","ai_concept_004,ai_concept_005,ai_concept_010"
use_case_005,Document Generation - Client Communications,"Draft client communications, meeting summaries, investment commentary","Natural language generation, tone adjustment, professional writing","Consistent brand voice, improved communication quality, faster response times","Client information, communication templates, brand guidelines",finance,use_case,"document_generation,communication,client","ai_concept_022,ai_concept_007,ai_concept_024"
use_case_006,Report Summarization,"Generate summary reports from documents using specific persona perspectives","Summarization, persona-driven generation, document analysis","Quick executive summaries, tailored audience-specific reports, time savings","10-K forms, Federal Reserve projections, white papers, commentary",finance,use_case,"summarization,reporting,persona","ai_concept_023,ai_concept_007,ai_concept_004"
use_case_007,Meeting Agenda Generation,"Create meeting agendas conforming to templates based on user-specified topics","Document generation, template filling, structure formatting","Faster meeting preparation, consistent agenda formats, comprehensive topic coverage","Meeting agenda templates, topic lists, meeting objectives",general,use_case,"meeting_prep,agenda,document_generation","ai_concept_004,ai_concept_005,ai_concept_022"
use_case_008,Meeting Prep - Slide Feedback,"Get AI feedback on slide content, layout, and presentation clarity","Content analysis, presentation evaluation, constructive feedback","Improved presentation quality, increased confidence, better audience engagement","Slide decks, presentation templates, communication guidelines",general,use_case,"meeting_prep,presentation,feedback","ai_concept_023,ai_concept_007,ai_concept_009"
use_case_009,Meeting Rehearsal,"Practice fielding questions after presentations with AI playing specific audience personas","Persona-driven Q&A, scenario simulation, question generation","Better presentation preparedness, anticipation of tough questions, improved confidence","Presentation materials, persona context, product information",general,use_case,"meeting_prep,rehearsal,qa,persona","ai_concept_007,ai_concept_025,ai_concept_009"
use_case_010,Email Drafting,"Draft emails based on key points, topics, and audience considerations","Natural language generation, tone control, brand voice alignment","Faster email composition, consistent communication style, professional quality","Email templates, communication guidelines, brand voice examples",general,use_case,"email,communication,drafting","ai_concept_022,ai_concept_007,ai_concept_005"
use_case_011,Email Editing,"Edit existing email text for grammar, tone, content, or audience perspective","Style transfer, grammar correction, tone adjustment","Improved communication clarity, professional polish, audience-appropriate messaging","Email text, communication guidelines, target audience profile",general,use_case,"email,editing,optimization","ai_concept_024,ai_concept_007,ai_concept_009"
use_case_012,Email Optimization,"Improve email clarity, tone, and effectiveness for better communication outcomes","Natural language processing, sentiment analysis, style optimization","Increased productivity, improved communication quality, consistent brand voice","Email templates, communication guidelines, style guides",general,use_case,"email,optimization,communication","ai_concept_024,ai_concept_007,ai_concept_009"
use_case_013,Power BI Assistance,"Get help with Power BI tasks: measure creation, DAX formulas, dashboard building","Code generation, technical instruction, formula creation","Improved BI proficiency, faster dashboard development, reduced IT dependency","User queries, Power BI documentation, sample datasets",operations,use_case,"technical_assistant,power_bi,business_intelligence","ai_concept_022,ai_concept_006,ai_concept_009"
use_case_014,Excel Formula Creation,"Generate Excel formulas based on natural language descriptions of intended outputs","Code generation, formula translation, logic explanation","Faster spreadsheet development, reduced errors, improved productivity","User requirements, Excel documentation, sample data",general,use_case,"technical_assistant,excel,formulas","ai_concept_022,ai_concept_006,ai_concept_009"
use_case_015,Coding Assistant - Python/SQL/R,"Generate code snippets, troubleshoot errors, and get programming guidance","Code generation, debugging assistance, technical instruction","Faster development, reduced debugging time, learning support","Code requirements, error messages, technical documentation",engineering,use_case,"technical_assistant,coding,development","ai_concept_022,ai_concept_006,ai_concept_009"
use_case_016,Software How-To Assistant,"Get step-by-step guidance for technical software tasks and automation","Instructional generation, task automation, workflow guidance","Accelerated learning, increased automation, reduced IT support dependency","User queries, software documentation, workflow templates",general,use_case,"technical_assistant,learning,automation","ai_concept_025,ai_concept_009,ai_concept_022"